name,brand,w,h,one,two,three,four,nos,media,jobno,category
Al Maya Satwa,RRP,179.5,30.5,1,,,,1,Polycarbonate,233691,Dubai - 2 Header CC + RRP
Al Maya Satwa,MLB,179.5,30.5,,,,1,1,Polycarbonate,233691,Dubai - 2 Header CC + RRP
Atlas Overhead Unit Double (Quality Supermarket),PL,170,52.5,,1,,,1,Polycarbonate,233691,Dubai - 2 Header CC + RRP
Quality Supermarket,RRP,89.9,34.2,1,,,,1,Durantrans,233691,Dubai - 2 Header CC + RRP
Ahmed Ali Muzafri Supermarket,RRP,89.9,34.2,1,,,,1,Durantrans,233691,Dubai - 2 Header CC + RRP
Ahmed Ali Muzafri Supermarket - Maxi,MLB,62.2,26.4,,,,1,1,Polycarbonate,233691,Dubai - 2 Header CC + RRP
Speed way Minimart,RRP,53.8,33.8,1,,,,1,Durantrans,233691,Dubai - 2 Header CC + RRP
Speed way Minimart - FF20 Back,PL,68.2,52.2,,1,,,1,Polycarbonate,233691,Dubai - 2 Header CC + RRP
Speed way Minimart - FF20 Front,PL,68.5,62,,1,,,1,Polycarbonate,233691,Dubai - 2 Header CC + RRP
ISTANBUL FOODSTUFF TRADING Co. Al Nahda 2,RRP,53.8,33.8,1,,,,1,Durantrans,233691,Dubai - 2 Header CC + RRP
ISTANBUL FOODSTUFF TRADING Co. Al Nahda 2 - FF20 Back,MLB,68.2,52.2,,,,1,1,Polycarbonate,233691,Dubai - 2 Header CC + RRP
ISTANBUL FOODSTUFF TRADING Co. Al Nahda 2 - FF20 Front,MLB,68.5,62,,,,1,1,Polycarbonate,233691,Dubai - 2 Header CC + RRP
Technical Invest,RRP,53.8,21.5,1,,,,1,Durantrans,233691,Dubai - 2 Header CC + RRP
Technical Invest,MLB,159.5,76.5,,,,1,1,Polycarbonate,233691,Dubai - 2 Header CC + RRP
Choithram Nasser square/DXB Tower,RRP,75,22,1,,,,1,Polycarbonate,233691,Dubai - 2 Header CC + RRP
Choithram Nasser square/DXB Tower - FF20 Back,MLB,68.2,52.2,,,,1,1,Polycarbonate,233691,Dubai - 2 Header CC + RRP
Choithram Nasser square/DXB Tower - FF20 Front,MLB,68.5,62,,,,1,1,Polycarbonate,233691,Dubai - 2 Header CC + RRP
Choithram Nasser square/DXB Tower - FF20 Back,MLB,68.2,52.2,,,,1,1,Polycarbonate,233691,Dubai - 2 Header CC + RRP
Choithram Nasser square/DXB Tower - FF20 Front,MLB,68.5,62,,,,1,1,Polycarbonate,233691,Dubai - 2 Header CC + RRP
Choithrams Karama,RRP,79,26.7,1,,,,1,Polycarbonate,233691,Dubai - 2 Header CC + RRP
Choithrams Karama - FF20 Back,RRP,68.2,52.2,1,,,,1,Polycarbonate,233691,Dubai - 2 Header CC + RRP
Choithrams Karama - FF20 Front,RRP,68.5,62,1,,,,1,Polycarbonate,233691,Dubai - 2 Header CC + RRP
Choithrams Karama - FF20 Back,MLB,68.2,52.2,,,,1,1,Polycarbonate,233691,Dubai - 2 Header CC + RRP
Choithrams Karama - FF20 Front,MLB,68.5,62,,,,1,1,Polycarbonate,233691,Dubai - 2 Header CC + RRP
Choithrams Karama - FF20 Back,MLB,68.2,52.2,,,,1,1,Polycarbonate,233691,Dubai - 2 Header CC + RRP
Choithrams Karama - FF20 Front,MLB,68.5,62,,,,1,1,Polycarbonate,233691,Dubai - 2 Header CC + RRP
Choithram Atria,RRP,80,35,1,,,,1,Polycarbonate,233691,Dubai - 2 Header CC + RRP
Choithram Atria - FF20 Back,MLB,68.2,52.2,,,,1,1,Polycarbonate,233691,Dubai - 2 Header CC + RRP
Choithram Atria - FF20 Front,MLB,68.5,62,,,,1,1,Polycarbonate,233691,Dubai - 2 Header CC + RRP
Maxims - FF20 Back,RRP,68.2,52.2,1,,,,1,Polycarbonate,233691,Dubai - 2 Header CC + RRP
Maxims - FF20 Front,RRP,68.5,62,1,,,,1,Polycarbonate,233691,Dubai - 2 Header CC + RRP
Maxims - FF20 Back,MLB,68.2,52.2,,,,1,1,Polycarbonate,233691,Dubai - 2 Header CC + RRP
Maxims - FF20 Front,MLB,68.5,62,,,,1,1,Polycarbonate,233691,Dubai - 2 Header CC + RRP
Shaklan Market International City - Deira ,RRP,35,15.6,1,,,,1,Durantrans,233691,Dubai - 2 Header CC + RRP
Shaklan Market International City - Deira ,PL,35,15.6,,1,,,1,Durantrans,233691,Dubai - 2 Header CC + RRP
Al Maya Jesco Hamriya - Qusais,RRP,89.9,34.2,1,,,,1,Durantrans,233691,Dubai - 2 Header CC + RRP
Al Maya Jesco Hamriya - Qusais,MLB,150.5,30,,,,1,1,Polycarbonate,233691,Dubai - 2 Header CC + RRP
Konci Marketing (Dragon Mart),RRP,114.7,30,1,,,,1,Polycarbonate,233691,Dubai - 2 Header CC + RRP
Konci Marketing (Dragon Mart) - Maxi,Chester,62.2,26.4,,,1,,1,Polycarbonate,233691,Dubai - 2 Header CC + RRP
GRANDIOSE SUPERMARKET L.L.C-06-AL BARSHA DUBAI,MLB,87,15.6,,,,1,1,Polycarbonate,233691,Dubai - 2 Header CC + RRP
GRANDIOSE SUPERMARKET L.L.C-06-AL BARSHA DUBAI,RRP,89.9,34.2,1,,,,1,Durantrans,233691,Dubai - 2 Header CC + RRP
Grandiose Al Wasl,Chester,64.5,18.5,,,1,,1,Polycarbonate,233691,Dubai - 2 Header CC + RRP
Grandiose Al Wasl,RRP,89.9,34.2,1,,,,1,Durantrans,233691,Dubai - 2 Header CC + RRP
All Day Design district,RRP,140.2,25,1,,,,1,Durantrans,233691,Dubai - 2 Header CC + RRP
All Day Design district,MLB,140.2,25,,,,1,1,Durantrans,233691,Dubai - 2 Header CC + RRP
3770 Bridge Maktoum,RRP,83,35,1,,,,1,Durantrans,233691,Dubai - 2 Header CC + RRP
3770 Bridge Maktoum,MLB,90,45,,1,,,1,Durantrans,233691,Dubai - 2 Header CC + RRP
3961 Karama behind Karama Centre,RRP,150,48,1,,,,1,Durantrans,233691,Dubai - 2 Header CC + RRP
3961 Karama behind Karama Centre,MLB,24,217,,,,1,1,Durantrans,233691,Dubai - 2 Header CC + RRP
6765 Sayaadi Jumeirah Beach Road,RRP,90,45,1,,,,1,Durantrans,233691,Dubai - 2 Header CC + RRP
6765 Sayaadi Jumeirah Beach Road,MLB,90,45,,,,1,1,Durantrans,233691,Dubai - 2 Header CC + RRP
3025 Al Adhed Port Rashid,RRP,90,46.5,1,,,,1,Durantrans,233691,Dubai - 2 Header CC + RRP
3025 Al Adhed Port Rashid,MLB,90,46.5,,,,1,1,Durantrans,233691,Dubai - 2 Header CC + RRP
5341 Raed Fuel Station ,MLB,90,48,,,,1,1,Durantrans,233691,Dubai - 2 Header CC + RRP
5341 Raed Fuel Station ,RRP,82,34,1,,,,1,Durantrans,233691,Dubai - 2 Header CC + RRP
EMIRATES NATIONAL OIL CO. LTD. (ENOC) L.L.C.-4002-Metro (Rashidiya 2),RRP,150,32,1,,,,1,Polycarbonate,233691,Dubai - 2 Header CC + RRP
EMIRATES NATIONAL OIL CO. LTD. (ENOC) L.L.C.-4002-Metro (Rashidiya 2),MLB,150,32,,,,1,1,Polycarbonate,233691,Dubai - 2 Header CC + RRP
EMIRATES NATIONAL OIL CO. LTD. (ENOC) L.L.C.-4004-Metro (City Center 1),RRP,150,32,1,,,,1,Polycarbonate,233691,Dubai - 2 Header CC + RRP
EMIRATES NATIONAL OIL CO. LTD. (ENOC) L.L.C.-4004-Metro (City Center 1),MLB,150,32,,,,1,1,Polycarbonate,233691,Dubai - 2 Header CC + RRP
EMIRATES NATIONAL OIL CO. LTD. (ENOC) L.L.C.-4005-Metro (City Center 2),RRP,150,32,1,,,,1,Polycarbonate,233691,Dubai - 2 Header CC + RRP
EMIRATES NATIONAL OIL CO. LTD. (ENOC) L.L.C.-4005-Metro (City Center 2) ,MLB,150,32,,,,1,1,Polycarbonate,233691,Dubai - 2 Header CC + RRP
4006-ENOC ZOOM(BURJMAN CENTRE),MLB,150,32,,,,1,1,Polycarbonate,233691,Dubai - 2 Header CC + RRP
4006-ENOC ZOOM(BURJMAN CENTRE),RRP,194,32,1,,,,1,Polycarbonate,233691,Dubai - 2 Header CC + RRP
EMIRATES NATIONAL OIL CO. LTD. (ENOC) L.L.C.-4013-Metro (Mall of Emirates),RRP,106,32,1,,,,1,Polycarbonate,233691,Dubai - 2 Header CC + RRP
EMIRATES NATIONAL OIL CO. LTD. (ENOC) L.L.C.-4013-Metro (Mall of Emirates) ,MLB,106,32,,,,1,1,Polycarbonate,233691,Dubai - 2 Header CC + RRP
EMIRATES NATIONAL OIL CO. LTD. (ENOC) L.L.C.-4003 - Gigico,RRP,106,33,1,,,,1,Polycarbonate,233691,Dubai - 2 Header CC + RRP
EMIRATES NATIONAL OIL CO. LTD. (ENOC) L.L.C.-4003 - Gigico,MLB,106,33,,,,1,1,Polycarbonate,233691,Dubai - 2 Header CC + RRP
EMIRATES NATIONAL OIL CO. LTD. (ENOC) L.L.C.-4014 - Dubai Marina MERTO,RRP,106,33,1,,,,1,Polycarbonate,233691,Dubai - 2 Header CC + RRP
EMIRATES NATIONAL OIL CO. LTD. (ENOC) L.L.C.-4014 - Dubai Marina MERTO,MLB,106,33,,,,1,1,Polycarbonate,233691,Dubai - 2 Header CC + RRP
EMIRATES NATIONAL OIL CO. LTD. (ENOC) L.L.C.-4007 - Burj Khalifa,RRP,193.5,32,1,,,,1,Polycarbonate,233691,Dubai - 2 Header CC + RRP
EMIRATES NATIONAL OIL CO. LTD. (ENOC) L.L.C.-4007 - Burj Khalifa,MLB,150,32,,,,1,1,Polycarbonate,233691,Dubai - 2 Header CC + RRP
EPPCO 4022 ZOOM BANIYAS SQUARE,MLB,106,32,,,,1,1,Polycarbonate,233691,Dubai - 2 Header CC + RRP
EPPCO 4022 ZOOM BANIYAS SQUARE,RRP,170,32,1,,,,1,Polycarbonate,233691,Dubai - 2 Header CC + RRP
EMIRATES NATIONAL OIL CO. LTD. (ENOC) L.L.C.-6524-Zoom Market-Dorra Bay,RRP,106,32.5,1,,,,1,Polycarbonate,233691,Dubai - 2 Header CC + RRP
EMIRATES NATIONAL OIL CO. LTD. (ENOC) L.L.C.-6524-Zoom Market-Dorra Bay,MLB,106,32.5,,,,1,1,Polycarbonate,233691,Dubai - 2 Header CC + RRP
EMIRATES NATIONAL OIL CO. LTD. (ENOC) L.L.C.-6534-Blue Bay Tower-B Bay,RRP,106,31.5,1,,,,1,Polycarbonate,233691,Dubai - 2 Header CC + RRP
EMIRATES NATIONAL OIL CO. LTD. (ENOC) L.L.C.-6534-Blue Bay Tower-B Bay,MLB,106,31.5,,,,1,1,Polycarbonate,233691,Dubai - 2 Header CC + RRP
"EMIRATES NATIONAL OIL CO. LTD. (ENOC) L.L.C.-6548-F Cluster, JLT",RRP,89,16,1,,,,1,Polycarbonate,233691,Dubai - 2 Header CC + RRP
"EMIRATES NATIONAL OIL CO. LTD. (ENOC) L.L.C.-6548-F Cluster, JLT",MLB,89,16,,,,1,1,Polycarbonate,233691,Dubai - 2 Header CC + RRP
"EMIRATES NATIONAL OIL CO. LTD. (ENOC) L.L.C.-6549-D Cluster, JLT",RRP,88,16,1,,,,1,Polycarbonate,233691,Dubai - 2 Header CC + RRP
"EMIRATES NATIONAL OIL CO. LTD. (ENOC) L.L.C.-6549-D Cluster, JLT",MLB,88,16,,,,1,1,Polycarbonate,233691,Dubai - 2 Header CC + RRP
EMIRATES NATIONAL OIL CO. LTD. (ENOC) L.L.C.-6525-Greens JLT,RRP,106,32,1,,,,1,Polycarbonate,233691,Dubai - 2 Header CC + RRP
EMIRATES NATIONAL OIL CO. LTD. (ENOC) L.L.C.-6525-Greens JLT,MLB,106,32,,,,1,1,Polycarbonate,233691,Dubai - 2 Header CC + RRP
"EMIRATES NATIONAL OIL CO. LTD. (ENOC) L.L.C.-6552-W Cluster, JLT",RRP,106,32,1,,,,1,Polycarbonate,233691,Dubai - 2 Header CC + RRP
"EMIRATES NATIONAL OIL CO. LTD. (ENOC) L.L.C.-6552-W Cluster, JLT",MLB,106,32,,,,1,1,Polycarbonate,233691,Dubai - 2 Header CC + RRP
"EMIRATES NATIONAL OIL CO. LTD. (ENOC) L.L.C.-6555-Bay Central, Dubai Marina",RRP,106,32,1,,,,1,Polycarbonate,233691,Dubai - 2 Header CC + RRP
"EMIRATES NATIONAL OIL CO. LTD. (ENOC) L.L.C.-6555-Bay Central, Dubai Marina",MLB,106,32,,,,1,1,Polycarbonate,233691,Dubai - 2 Header CC + RRP
EMIRATES NATIONAL OIL CO. LTD. (ENOC) L.L.C.-6586-One Tower Tecom-Zoom,RRP,212,32,1,,,,1,Polycarbonate,233691,Dubai - 2 Header CC + RRP
EMIRATES NATIONAL OIL CO. LTD. (ENOC) L.L.C.-6586-One Tower Tecom-Zoom,MLB,106,32,,,,1,1,Polycarbonate,233691,Dubai - 2 Header CC + RRP
"EMIRATES NATIONAL OIL CO. LTD. (ENOC) L.L.C.-5594-JEWEL TOWER, DUBAI MARINA",RRP,106,32,1,,,,1,Polycarbonate,233691,Dubai - 2 Header CC + RRP
"EMIRATES NATIONAL OIL CO. LTD. (ENOC) L.L.C.-5594-JEWEL TOWER, DUBAI MARINA",MLB,106,32,,,,1,1,Polycarbonate,233691,Dubai - 2 Header CC + RRP
Carrefour DFC ,RRP,87,23,1,,,,1,Durantrans,233691,Dubai - 2 Header CC + RRP
Carrefour DFC ,MLB,87,23,,,,1,1,Durantrans,233691,Dubai - 2 Header CC + RRP
Carrefour Shindagha,RRP,90,18,1,,,,1,Polycarbonate,233691,Dubai - 2 Header CC + RRP
Carrefour Shindagha,MLB,90,18,,,,1,1,Polycarbonate,233691,Dubai - 2 Header CC + RRP
Carrefour Damac Hill,RRP,100,33,1,,,,1,Durantrans,233691,Dubai - 2 Header CC + RRP
Carrefour Damac Hill,MLB,100,33,,,,1,1,Durantrans,233691,Dubai - 2 Header CC + RRP
Carrerfour Nashma,RRP,99,31,1,,,,1,Durantrans,233691,Dubai - 2 Header CC + RRP
Carrerfour Nashma,MLB,49,30,,,,1,1,Durantrans,233691,Dubai - 2 Header CC + RRP
NWZ Karama 2  ,MLB,56.2,36.2,,,,1,1,Polycarbonate,233691,Dubai - 2 Header CC + RRP
NWZ Karama 2  ,RRP,116.2,36.2,1,,,,1,Polycarbonate,233691,Dubai - 2 Header CC + RRP
Westzone Bur Dubai - Fahidi / Opp Burjuman,RRP,170.5,26.5,1,,,,1,Polycarbonate,233691,Dubai - 2 Header CC + RRP
Westzone Bur Dubai - Fahidi / Opp Burjuman,MLB,182.5,26.5,,,,1,1,Polycarbonate,233691,Dubai - 2 Header CC + RRP
Sun n Moon,RRP,120.5,23.4,1,,,,1,Polycarbonate,233691,Dubai - 2 Header CC + RRP
Sun n Moon,Chester,62,22.5,,,1,,1,Polycarbonate,233691,Dubai - 2 Header CC + RRP
Choithrams JVC,RRP,80.5,35,1,,,,1,Polycarbonate,233691,Dubai - 2 Header CC + RRP
Choithrams JVC,MLB,80.5,35,,,,1,1,Polycarbonate,233691,Dubai - 2 Header CC + RRP
Ashkanani Qusais ,RRP,90,19,1,,,,1,Polycarbonate,233691,Dubai - 2 Header CC + RRP
Ashkanani Qusais ,MLB,53,19.5,,,,1,1,Polycarbonate,233691,Dubai - 2 Header CC + RRP
New West Zone Robinson - Tecom ,RRP,89.9,34.2,1,,,,1,Durantrans,233691,Dubai - 2 Header CC + RRP
New West Zone Robinson - Tecom ,MLB,89.9,34.2,,,,1,1,Durantrans,233691,Dubai - 2 Header CC + RRP
 Al Maya Sadaf ,RRP,70,34.5,1,,,,1,Durantrans,233691,Dubai - 2 Header CC + RRP
 Al Maya Sadaf ,MLB,70,34.5,,,,1,1,Durantrans,233691,Dubai - 2 Header CC + RRP
Al Ain Way Grocery,RRP,70,34.5,1,,,,1,Durantrans,233691,Dubai - 2 Header CC + RRP
Al Ain Way Grocery,PL,70,21.2,,1,,,1,Durantrans,233691,Dubai - 2 Header CC + RRP
Al Maya JLT Cluster Q,RRP,70,34.5,1,,,,1,Durantrans,233691,Dubai - 2 Header CC + RRP
Al Maya JLT Cluster Q,MLB,53.8,33.8,,,,1,1,Durantrans,233691,Dubai - 2 Header CC + RRP
EMIRATES GENERAL PETROLEUM CORPORATION-EMARAT FUEL STATIONS -7670,RRP,70,21.2,1,,,,1,Durantrans,233691,Dubai - 2 Header CC + RRP
EMIRATES GENERAL PETROLEUM CORPORATION-EMARAT FUEL STATIONS -7670,MLB,70,21.2,,,,1,1,Durantrans,233691,Dubai - 2 Header CC + RRP
Westzone Barsha New ,RRP,89.9,34.2,1,,,,1,Durantrans,233691,Dubai - 2 Header CC + RRP
Westzone Barsha New ,MLB,89.9,34.2,,,,1,1,Durantrans,233691,Dubai - 2 Header CC + RRP
New Westzone Jadaff ,RRP,89.9,34.2,1,,,,1,Durantrans,233691,Dubai - 2 Header CC + RRP
New Westzone Jadaff ,MLB,89.9,34.2,,,,1,1,Durantrans,233691,Dubai - 2 Header CC + RRP
Al Maya Escan Tower/Park Marina,RRP,89.9,34.2,1,,,,1,Durantrans,233691,Dubai - 2 Header CC + RRP
Al Maya Escan Tower/Park Marina,MLB,53.8,33.8,,,,1,1,Durantrans,233691,Dubai - 2 Header CC + RRP
Spar Studio City ,RRP,89.9,34.2,1,,,,1,Durantrans,233691,Dubai - 2 Header CC + RRP
Spar Studio City ,MLB,89.9,34.2,,,,1,1,Durantrans,233691,Dubai - 2 Header CC + RRP
Right Buy Tecom,RRP,89.8,22,1,,,,1,Durantrans,233691,Dubai - 2 Header CC + RRP
Right Buy Tecom,PL,53.8,21.5,,1,,,1,Durantrans,233691,Dubai - 2 Header CC + RRP
Al Maya JVC,RRP,89.9,34.2,1,,,,1,Durantrans,233691,Dubai - 2 Header CC + RRP
Al Maya JVC,MLB,70,34.5,,,,1,1,Durantrans,233691,Dubai - 2 Header CC + RRP
Grandiose Binghati Rose ,RRP,90.5,44,1,,,,1,Durantrans,233691,Dubai - 2 Header CC + RRP
Grandiose Binghati Rose ,MLB,90.5,44,,,,1,1,Durantrans,233691,Dubai - 2 Header CC + RRP
Al Maya Garden ,RRP,53.8,33.8,1,,,,1,Durantrans,233691,Dubai - 2 Header CC + RRP
Al Maya Garden ,MLB,53.8,33.8,,,,1,1,Durantrans,233691,Dubai - 2 Header CC + RRP
Earth Supermarket Sol Bay ,RRP,70,34.5,1,,,,1,Durantrans,233691,Dubai - 2 Header CC + RRP
Earth Supermarket Sol Bay ,PL,70,34.5,,1,,,1,Durantrans,233691,Dubai - 2 Header CC + RRP
AL MAYA SUPERMARKET LLC-AL MAYA-DAMAC TENORA DXB SOUTH ,RRP,53.8,33.8,1,,,,1,Durantrans,233691,Dubai - 2 Header CC + RRP
AL MAYA SUPERMARKET LLC-AL MAYA-DAMAC TENORA DXB SOUTH ,MLB,53.8,33.8,,,,1,1,Durantrans,233691,Dubai - 2 Header CC + RRP
Geant Furjan,RRP,89.8,22,1,,,,1,Durantrans,233691,Dubai - 2 Header CC + RRP
Geant Furjan,MLB,53.8,21.5,,,,1,1,Durantrans,233691,Dubai - 2 Header CC + RRP
Westzone Mirdiff ,RRP,89.9,34.2,1,,,,1,Durantrans,233691,Dubai - 2 Header CC + RRP
Westzone Mirdiff ,MLB,89.9,34.2,,,,1,1,Durantrans,233691,Dubai - 2 Header CC + RRP
WEST ZONE SUPERMARKET L.L.C. 55-CLOCK TOWER-DEIRA NWZ SM ,RRP,89.9,34.2,1,,,,1,Durantrans,233691,Dubai - 2 Header CC + RRP
WEST ZONE SUPERMARKET L.L.C. 55-CLOCK TOWER-DEIRA NWZ SM ,MLB,89.9,34.2,,,,1,1,Durantrans,233691,Dubai - 2 Header CC + RRP
New Westzone Qusais,RRP,89.9,34.2,1,,,,1,Durantrans,233691,Dubai - 2 Header CC + RRP
New Westzone Qusais,MLB,53.8,33.8,,,,1,1,Durantrans,233691,Dubai - 2 Header CC + RRP
Al Maya Al Nahda Dubai ,RRP,70,34.5,1,,,,1,Durantrans,233691,Dubai - 2 Header CC + RRP
Al Maya Al Nahda Dubai ,MLB,70,34.5,,,,1,1,Durantrans,233691,Dubai - 2 Header CC + RRP
SM LAGUNA SUPERMARKET LLC-04-SM QUEZON SM AL WARQA,RRP,89.9,34.2,1,,,,1,Durantrans,233691,Dubai - 2 Header CC + RRP
SM LAGUNA SUPERMARKET LLC-04-SM QUEZON SM AL WARQA,MLB,89.9,34.2,,,,1,1,Durantrans,233691,Dubai - 2 Header CC + RRP
Choithram JBR  - Le Grande,RRP,80.5,36,1,,,,1,Polycarbonate,233691,Dubai - 2 Header CC + RRP
Choithram JBR  - Le Grande - FF20 Back,MLB,68.2,52.2,,,,1,1,Polycarbonate,233691,Dubai - 2 Header CC + RRP
Choithram JBR  - Le Grande - FF20 Front,MLB,68.5,62,,,,1,1,Polycarbonate,233691,Dubai - 2 Header CC + RRP
AL Maya - Diyafa  ,RRP,112,32,1,,,,1,Polycarbonate,233691,Dubai - 2 Header CC + RRP
AL Maya - Diyafa  ,MLB,112,32,,,,1,1,Polycarbonate,233691,Dubai - 2 Header CC + RRP
Mohd Rashid Saif S.M. - FF20 Back,RRP,68.2,52.2,1,,,,1,Polycarbonate,233691,Dubai - 2 Header CC + RRP
Mohd Rashid Saif S.M. - FF20 Front,RRP,68.5,62,1,,,,1,Polycarbonate,233691,Dubai - 2 Header CC + RRP
Mohd Rashid Saif S.M. - FF20 Back,MLB,68.2,52.2,,,,1,1,Polycarbonate,233691,Dubai - 2 Header CC + RRP
Mohd Rashid Saif S.M. - FF20 Front,MLB,68.5,62,,,,1,1,Polycarbonate,233691,Dubai - 2 Header CC + RRP
Choithrams Business Avenue,RRP,80.5,35.8,1,,,,1,Polycarbonate,233691,Dubai - 2 Header CC + RRP
Choithrams Business Avenue,MLB,41,36,,,,1,1,Polycarbonate,233691,Dubai - 2 Header CC + RRP
Choithrams - Business Square ,RRP,81,35,1,,,,1,Polycarbonate,233691,Dubai - 2 Header CC + RRP
Choithrams - Business Square ,MLB,81,35,,,,1,1,Polycarbonate,233691,Dubai - 2 Header CC + RRP
NWZ Oud Metha ,RRP,101.2,36.2,1,,,,1,Polycarbonate,233691,Dubai - 2 Header CC + RRP
NWZ Oud Metha ,MLB,61.2,36.2,,,,1,1,Polycarbonate,233691,Dubai - 2 Header CC + RRP
NEW SAFEST WAY SUPERMARKET ,RRP,53,22,1,,,,1,Polycarbonate,233691,Dubai - 2 Header CC + RRP
NEW SAFEST WAY SUPERMARKET ,MLB,53,22,,,,1,1,Polycarbonate,233691,Dubai - 2 Header CC + RRP
ANSAR GALLERY LLC - 100cm floor,RRP,89.9,34.2,1,,,,1,Durantrans,233691,Dubai - 2 Header CC + RRP
ANSAR GALLERY LLC - 64cm floor,MLB,53.8,33.8,,,,1,1,Durantrans,233691,Dubai - 2 Header CC + RRP
Emirates Coop Minimart - Oud Metha,RRP,35,15.6,1,,,,1,Durantrans,233691,Dubai - 2 Header CC + RRP
Emirates Coop Minimart - Oud Metha,MLB,35,15.6,,,,1,1,Durantrans,233691,Dubai - 2 Header CC + RRP
Choithram Arjan ,RRP,81,34,1,,,,1,Polycarbonate,233691,Dubai - 2 Header CC + RRP
Choithram Arjan ,MLB,81,34,,,,1,1,Polycarbonate,233691,Dubai - 2 Header CC + RRP
T.CHOITHRAM & SONS-51-Jumeirah Island Pavillion,RRP,81,36,1,,,,1,Polycarbonate,233691,Dubai - 2 Header CC + RRP
T.CHOITHRAM & SONS-51-Jumeirah Island Pavillion - FF20 Back,RRP,68.2,52.2,,,,1,1,Polycarbonate,233691,Dubai - 2 Header CC + RRP
T.CHOITHRAM & SONS-51-Jumeirah Island Pavillion - FF20 Front,RRP,68.5,62,,,,1,1,Polycarbonate,233691,Dubai - 2 Header CC + RRP
Pasons Al Madina - FF20 Back,RRP,68.2,52.2,1,,,,1,Polycarbonate,233691,Dubai - 2 Header CC + RRP
Pasons Al Madina - FF20 Front,RRP,68.5,62,1,,,,1,Polycarbonate,233691,Dubai - 2 Header CC + RRP
Pasons Al Madina - FF20 Back,MLB,68.2,52.2,,,,1,1,Polycarbonate,233691,Dubai - 2 Header CC + RRP
Pasons Al Madina - FF20 Front,MLB,68.5,62,,,,1,1,Polycarbonate,233691,Dubai - 2 Header CC + RRP
Ramlah Hypermarket - Aiko,RRP,89.9,34.2,1,,,,1,Durantrans,233691,Dubai - 2 Header CC + RRP
Ramlah Hypermarket - Aiko,PL,89.9,34.2,,1,,,1,Durantrans,233691,Dubai - 2 Header CC + RRP
Choithrams Al Rais  ,RRP,81,35,1,,,,1,Polycarbonate,233691,Dubai - 2 Header CC + RRP
Choithrams Al Rais ,PL,81,35,,1,,,1,Polycarbonate,233691,Dubai - 2 Header CC + RRP
Passion Al Madinah - FF20 Back,RRP,68.2,52.2,1,,,,1,Polycarbonate,233691,Dubai - 2 Header CC + RRP
Passion Al Madinah  - FF20 Front,RRP,68.5,62,1,,,,1,Polycarbonate,233691,Dubai - 2 Header CC + RRP
Passion Al Madinah - FF20 Back,PL,68.2,52.2,,1,,,1,Polycarbonate,233691,Dubai - 2 Header CC + RRP
Passion Al Madinah  - FF20 Front,PL,68.5,62,,1,,,1,Polycarbonate,233691,Dubai - 2 Header CC + RRP
NWZ Al Karama 3 Opp Burjuman ,RRP,176.2,36.6,1,,,,1,Polycarbonate,233691,Dubai - 2 Header CC + RRP
NWZ Al Karama 3 Opp Burjuman ,PL,186.2,36.2,,1,,,1,Polycarbonate,233691,Dubai - 2 Header CC + RRP
WEST ZONE SUPERMARKET L.L.C. 21-Al Diyafah-2 (WZ SM) - 64cm floor,RRP,53.8,33.8,1,,,,1,Durantrans,233691,Dubai - 2 Header CC + RRP
WEST ZONE SUPERMARKET L.L.C. 21-Al Diyafah-2 (WZ SM) - FF20 Back,PL,68.2,52.2,,1,,,1,Polycarbonate,233691,Dubai - 2 Header CC + RRP
WEST ZONE SUPERMARKET L.L.C. 21-Al Diyafah-2 (WZ SM) - FF20 Front,PL,68.5,62,,1,,,1,Polycarbonate,233691,Dubai - 2 Header CC + RRP
Blue mart Al Khail Gate,RRP,200,32,1,,,,1,Polycarbonate,233691,Dubai - 2 Header CC + RRP
Blue mart Al Khail Gate,PL,95,32,,1,,,1,Polycarbonate,233691,Dubai - 2 Header CC + RRP
Al Madina Plaza ,RRP,35,15.6,1,,,,1,Durantrans,233691,Dubai - 2 Header CC + RRP
Al Madina Plaza ,PL,35,15.6,,1,,,1,Durantrans,233691,Dubai - 2 Header CC + RRP
Westzone Mankhool - 100cm floor,RRP,89.9,34.2,1,,,,1,Durantrans,233691,Dubai - 2 Header CC + RRP
Westzone Mankhool - 100cm floor,PL,89.9,34.2,,1,,,1,Durantrans,233691,Dubai - 2 Header CC + RRP
AL MURAGABAT GRO(DEIRA) AL MURAGABAT GRO,RRP,35,15.6,1,,,,1,Durantrans,233691,Dubai - 2 Header CC + RRP
AL MURAGABAT GRO(DEIRA) AL MURAGABAT GRO,PL,35,15.6,,1,,,1,Durantrans,233691,Dubai - 2 Header CC + RRP
AL NAKHEELAT GRO MURAQABAT - 64cm wall,RRP,53.8,21.5,1,,,,1,Durantrans,233691,Dubai - 2 Header CC + RRP
AL NAKHEELAT GRO MURAQABAT - 64cm wall,PL,53.8,21.5,,1,,,1,Durantrans,233691,Dubai - 2 Header CC + RRP
BU SUOOD GROCERY,RRP,35,15.6,1,,,,1,Durantrans,233691,Dubai - 2 Header CC + RRP
BU SUOOD GROCERY,PL,35,15.6,,1,,,1,Durantrans,233691,Dubai - 2 Header CC + RRP
NWZ Mamzar ,RRP,221.3,36.2,1,,,,1,Polycarbonate,233691,Dubai - 2 Header CC + RRP
NWZ Mamzar - FF20 Back,PL,68.2,52.2,,1,,,1,Polycarbonate,233691,Dubai - 2 Header CC + RRP
NWZ Mamzar - FF20 Front,PL,68.5,62,,1,,,1,Polycarbonate,233691,Dubai - 2 Header CC + RRP
NWZ Mamzar - FF20 Back,PL,68.2,52.2,,1,,,1,Polycarbonate,233691,Dubai - 2 Header CC + RRP
NWZ Mamzar - FF20 Front,PL,68.5,62,,1,,,1,Polycarbonate,233691,Dubai - 2 Header CC + RRP
NWZ Al Nahda 4 - 1pc,RRP,88,36,,1,,,1,Polycarbonate,233691,Dubai - 2 Header CC + RRP
NWZ Al Nahda 4,RRP,48.5,36,1,,,,1,Polycarbonate,233691,Dubai - 2 Header CC + RRP
Al Madina Supermarket - 100cm floor,RRP,89.9,34.2,1,,,,1,Durantrans,233691,Dubai - 2 Header CC + RRP
Al Madina Supermarket - FF20 Back,PL,68.2,52.2,,1,,,1,Polycarbonate,233691,Dubai - 2 Header CC + RRP
Al Madina Supermarket - FF20 Front,PL,68.5,62,,1,,,1,Polycarbonate,233691,Dubai - 2 Header CC + RRP
Al Madina Supermarket - FF20 Back,PL,68.2,52.2,,1,,,1,Polycarbonate,233691,Dubai - 2 Header CC + RRP
Al Madina Supermarket - FF20 Front,PL,68.5,62,,1,,,1,Polycarbonate,233691,Dubai - 2 Header CC + RRP
AVIATION SM - Roll unit,RRP,159.5,76.5,1,,,,1,Polycarbonate,233691,Dubai - 2 Header CC + RRP
AVIATION SM,PL,35,15.6,,1,,,1,Durantrans,233691,Dubai - 2 Header CC + RRP
WEST ZONE SATWA ,RRP,35,15.6,1,,,,1,Durantrans,233691,Dubai - 2 Header CC + RRP
WEST ZONE SATWA - FF20 Back,PL,68.2,52.2,,1,,,1,Polycarbonate,233691,Dubai - 2 Header CC + RRP
WEST ZONE SATWA - FF20 Front,PL,68.5,62,,1,,,1,Polycarbonate,233691,Dubai - 2 Header CC + RRP
S Rana,RRP,35,15.6,1,,,,1,Durantrans,233691,Dubai - 2 Header CC + RRP
S Rana,PL,35,15.6,,1,,,1,Durantrans,233691,Dubai - 2 Header CC + RRP
NEW AL SHAMS SUPERMARKET LLC 01-Ghusais - FF20 Back,RRP,68.2,52.2,1,,,,1,Polycarbonate,233691,Dubai - 2 Header CC + RRP
NEW AL SHAMS SUPERMARKET LLC 01-Ghusais - FF20 Front,RRP,68.5,62,1,,,,1,Polycarbonate,233691,Dubai - 2 Header CC + RRP
NEW AL SHAMS SUPERMARKET LLC 01-Ghusais - FF20 Back,PL,68.2,52.2,,1,,,1,Polycarbonate,233691,Dubai - 2 Header CC + RRP
NEW AL SHAMS SUPERMARKET LLC 01-Ghusais - FF20 Front,PL,68.5,62,,1,,,1,Polycarbonate,233691,Dubai - 2 Header CC + RRP
Royal KP Mart,RRP,35,15.6,1,,,,1,Durantrans,233691,Dubai - 2 Header CC + RRP
Royal KP Mart,PL,35,15.6,,1,,,1,Durantrans,233691,Dubai - 2 Header CC + RRP
WEST ZONE SUPERMARKET L.L.C. 29-Robinson Buteena - 100cm floor,RRP,89.9,34.2,1,,,,1,Durantrans,233691,Dubai - 2 Header CC + RRP
WEST ZONE SUPERMARKET L.L.C. 29-Robinson Buteena - 80cm floor,PL,70,34.5,,1,,,1,Durantrans,233691,Dubai - 2 Header CC + RRP
Westzone Muraqqabat - 1pc,RRP,258,38,1,,,,1,Polycarbonate,233691,Dubai - 2 Header CC + RRP
Westzone Muraqqabat - 1pc,PL,51,26.2,,1,,,1,Polycarbonate,233691,Dubai - 2 Header CC + RRP
Happy Way Grocery,RRP,35,15.6,1,,,,1,Durantrans,233691,Dubai - 2 Header CC + RRP
Happy Way Grocery,PL,35,15.6,,1,,,1,Durantrans,233691,Dubai - 2 Header CC + RRP
New Era Riqqa - FF20 Back,RRP,68.2,52.2,1,,,,1,Polycarbonate,233691,Dubai - 2 Header CC + RRP
New Era Riqqa - FF20 Front,RRP,68.5,62,1,,,,1,Polycarbonate,233691,Dubai - 2 Header CC + RRP
New Era Riqqa - FF20 Back,PL,68.2,52.2,,1,,,1,Polycarbonate,233691,Dubai - 2 Header CC + RRP
New Era Riqqa - FF20 Front,PL,68.5,62,,1,,,1,Polycarbonate,233691,Dubai - 2 Header CC + RRP
Al Noor Gen Trdg - Golden Noor - 64cm wall,Chester,53.8,21.5,,,1,,1,Durantrans,233691,Dubai - 2 Header CC + RRP
Al Noor Gen Trdg - Golden Noor - 64cm wall,RRP,53.8,21.5,1,,,,1,Durantrans,233691,Dubai - 2 Header CC + RRP
Ashekanani Qusais,Chester,50,20.5,,,1,,1,Polycarbonate,233691,Dubai - 2 Header CC + RRP
Asheknani Qusais Double Rollunit,RRP,159.5,76.5,1,,,,1,Polycarbonate,233691,Dubai - 2 Header CC + RRP
New Era Muraqabat 2 - FF20 Back,RRP,68.2,52.2,1,,,,1,Polycarbonate,233691,Dubai - 2 Header CC + RRP
New Era Muraqabat 2 - FF20 Front,RRP,68.5,62,1,,,,1,Polycarbonate,233691,Dubai - 2 Header CC + RRP
New Era Muraqabat 2 - FF20 Back,Chester,68.2,52.2,,,1,,1,Polycarbonate,233691,Dubai - 2 Header CC + RRP
New Era Muraqabat 2 - FF20 Front,Chester,68.5,62,,,1,,1,Polycarbonate,233691,Dubai - 2 Header CC + RRP
New Era Maktoum - FF20 Back,Chester,68.2,52.2,,,1,,1,Polycarbonate,233691,Dubai - 2 Header CC + RRP
New Era Maktoum - FF20 Front,Chester,68.5,62,,,1,,1,Polycarbonate,233691,Dubai - 2 Header CC + RRP
New Era Maktoum - FF20 Back,RRP,68.2,52.2,1,,,,1,Polycarbonate,233691,Dubai - 2 Header CC + RRP
New Era Maktoum - FF20 Front,RRP,68.5,62,1,,,,1,Polycarbonate,233691,Dubai - 2 Header CC + RRP
New Era Rigga,Chester,35,15.6,,,1,,1,Durantrans,233691,Dubai - 2 Header CC + RRP
New Era Rigga - FF20 Back,RRP,68.2,52.2,1,,,,1,Polycarbonate,233691,Dubai - 2 Header CC + RRP
New Era Rigga - FF20 Front,RRP,68.5,62,1,,,,1,Polycarbonate,233691,Dubai - 2 Header CC + RRP
